需求ID,功能与用户价值,范围与规则,交付阶段,主要验收
A01,账户、访客与学校情境,公共内容可不登录；HKUST 官方登录为主要入口；本人资料、会话、退出/删除；未来支持其他学校，切换情境不授予资格；开发邮箱不冒充学校登录,R1；多校 R3,AC01、AC02、AC10、AC13
A02,身份资格生命周期,学校身份、邮箱控制权、当前学生/校友/组织资格分别记录；未核验、有效、过期/毕业与重新核验；平台账户不随机构权限自动消失,R1；多校 R3,AC02、AC13、AC27
A03,今天、日/周安排与个人任务,汇总正式来源和私人事项；创建/编辑/完成任务，TA/辅导课、重复日程、课程关联、下一步；更改个人显示不修改学校记录,R1,AC03、AC14
A04,备用 ICS 与手动输入,文件选择、预览、确认、去重、周期/例外、全天/时区、冲突和来源移除；不支持项逐条说明；不代替学校自动同步,R1,AC04
A05,冲突与个人提醒,只在日期和时长足够时判断冲突；提前量/次数、权限状态、取消旧通知；不保证系统必达,R1 基础；R2 深化,AC08、AC23
A06,我的、收藏、偏好与数据,参与/发布/收藏、私人历史、日程/任务/内容导出和删除；离线/跨设备删除规则，退出清理本机私人视图,R1；扩展类型 R2,AC03、AC10、AC24
L01,自动课程与正式课表,SIS 正式课表与获准考试安排、Canvas 课程及事件分别同步；学期、教室、教学周、调课/取消，课程页保留来源与原文,R1 核心授权依赖,AC13、AC14
L02,作业、期限与要求,Canvas 作业/DDL、活动与个人事项统一查看；要求/资料/下一步关联；学校提交状态在获准后读取，本人完成独立,R1 读取/安排；R2 提交状态深化,AC03、AC14、AC22
L03,资料库、文件与标注,R1 资料链接；后续章节归档、文件查看/下载/打开/分享、批量打包、阅读标注、版本、全文搜索与再次打开；逐文件鉴权,R1 链接；R2 文件,AC10、AC22
L04,私人笔记与复习,短笔记、标签、复习任务；后续章节联动、编辑/导出；来源更改不丢个人记录，分享只作用于明确内容,R1 基础；R2 深化,AC03、AC10
L05,课程问答与经验,问题/回复/解决、按学期与课程筛选经验；学校论坛需单独获准接入；教师个人评分历史能力单列审阅,R1 平台问答；R2 经验/连接,AC07、AC22
L06,学习招募与小组协作,任务、角色、成员、资料和讨论；合作预期/沟通/首次分工见 X01；私人课表只共享本人选中的可用时段,R1 基础；R1.1 匹配协作,AC06、AC15
L07,选课与学期规划,课程组合、冲突、学分/先修/毕业规则与出处；评估集中期和工作量比较见 X06；辅助规划不能视为正式选退课或毕业确认,R1 可用辅助；R2 完整,AC20
L08,学习 AI,对可读取资料作带引用的解释、问答、复习提纲与练习；受 Q01–Q03 约束；不承诺覆盖未读取文件,R4,AC25
L09,获准作业提交,文本/附件、目标/内容预览、截止与可编辑性检查、确认写入、学校回执、超时查询/去重重试,R2 独立写入授权,AC22
L10,本人成绩与学业记录,成绩、学分、学校 GPA/累计 GPA、考试与学业进度；显示学校口径；规划计算与正式结果分开,R2 逐项授权,AC02、AC22
C01,校巴与公共交通,路线/方向/站序/资格/票价/运行日、假期、时刻/末班/公告；KMB/GMB 核心查询，Citybus/MTR 后续覆盖；计划、ETA、GPS 分层,R1 核验核心；R2 扩展；R3 多校,AC05
C02,地图、课室与导航,楼宇、楼层/入口、课室、站点、服务点、无障碍依据与私人标记；课程和活动复用地点；室内路线逐段核验,R1 目录/官方入口；R2 路线,AC05、AC21
C03,餐饮、商超与优惠,位置、营业时段、菜单/价格来源、饮食信息、获核验优惠与学生经验；不过度承诺实时排队/营业,R1 已覆盖目录；R2 深化,AC05、AC21
C04,图书馆、自习与体育设施,规则、开放时间、官方预约入口；获准后可用性、本人预约/修改/取消；条件找学习地点见 X11,R1 查询/入口；R2 预约连接,AC05、AC21
C05,住宿、洗衣、打印与报修,服务说明、校内办理、已覆盖费用/余额入口；获准后本人状态；校外住房/室友见 X08,R1 指南/入口；R2 状态,AC19、AC21
C06,社团、活动和各类机会,社团介绍、校外推荐、讲座、义工、职业、奖学金、交换、比赛、研究机会；主办方/资格/截止/来源明确,R1 核验目录；R2 深化,AC06、AC19
C07,新生与阶段清单,按学制、入学/交换/住宿情境选择事项；个人进度、材料和来源；不同学制不套用同一路径,R1 基础；R1.1 事务联动,AC19
C08,天气、校园变化与支持,天气/警告、校方正式通知、官方健康及朋辈支持入口；不推断停课，不将普通社交当心理服务,R1 已覆盖入口；R2 数据深化,AC05、AC07
C09,学院、部门与教师目录,公开专业资料、研究方向、课程关联、办公室/联系入口、重名消歧；后续生成可核对的邮件草稿,R1 核验目录；R2 深化,AC21、AC22
C10,门户、请假与个人校园记录,官方办事入口、学年安排；获准后请假办理、本人项目进度及已有考勤/参与记录；不伪造签到,R1 入口；R2 逐项连接,AC19、AC22
C11,地点评价与纠错,详情、纠错、样本量/时间明确的评分、评论/回复/有用/分享、编辑删除和治理；官方事实与学生经验分开,R1 纠错；R2 评价互动,AC07、AC21
S01,校园墙与内容生命周期,日常图文、求助、课程经验、失物、二手、招募；草稿/发布/编辑/删除/回复/收藏/解决或结束；媒体开放前必须真实存储与删除,R1 文字/基础状态；R2 媒体与专题,AC07、AC10、AC28
S02,同校、跨校与全港发现,内容类型与可见范围分开；筛选不改变原权限；按真实供给开放学校/地区，不用空列表假装覆盖,R1 同校；R3 跨校/全港,AC02、AC27
S03,兴趣与学习圈子,介绍、规则、负责者、内容、真实下一场；关注/成员/报名分别选择；系列小组见 X03,R1 基础活动承接；R1.1 圈子；R2 运营深化,AC17、AC27
S04,联系请求与会话,活动评论、临时讨论；后续双方同意私信、持续小组会话、陌生请求箱；拒绝/屏蔽/退出与保存期限明确,R1 活动评论；R1.1 互选/请求；R2 完整会话,AC07、AC18、AC27
S05,举报、屏蔽与申诉,可对内容、用户和活动处理；最低必要审核信息、处理状态、申诉、反骚扰与滥发限制,R1；随规模深化,AC07、AC10、AC28
E01,创建活动/招募,草稿、预览、发布/编辑/结束；目标、时间、地点、人数、语言、费用、资格、器材/新手/接应和退出说明,R1,AC06、AC09
E02,直接报名与审核申请,名额、角色、待审批/确认/拒绝、退出；并发不超额，重复操作幂等；平台身份不等于场地准入,R1 核心；R2 多名额类型,AC06
E03,候补与确认期限,顺序/容量真实；获得候补机会后另行确认、超时释放；不自动变成出席承诺,R1,AC06、AC08
E04,改期、取消与结束,说明变化、受影响者通知、必要时再次确认、旧提醒撤销、自愿反馈；写入未知不显示成功,R1,AC06、AC08
E05,复办、系列与组织主页,复制模板需核对新日期；旧成员不自动报名；系列单次/全系列操作明确，多管理员与组织分析后续深化,R1.1 复办/系列；R2 管理,AC17、AC26
E06,费用与付费活动,R1 显示真实费用和外部办理；平台支付另做订单、名额、取消、退款和争议的完整合同,R1 外部说明；R4 独立支付评估,AC06、AC28
G01,我能参加,时间窗口、可到达地区、语言、预算、能力/资格和交流预期；硬条件缺失标待确认；后续本人授权空闲计算,R1 条件筛选；R1.1/R2 深化,AC06、AC15、AC27
G02,我想做与供给协调,私人意向、分享同意、到期/撤回；有限人工撮合；去身份摘要；新方案需重新报名，不公开小群体名单/统计,R1.1；有证据后再自动化,AC17、AC26、AC27
G03,公开分享与私密邀请,活动分享、项目/圈子邀请、有效期/撤销、权限内预览与深链接；不以拉人解锁基础功能,R1 公开活动；R1.1 私密邀请,AC10、AC27
M01,邮箱读取与搜索,文件夹、列表、搜索、阅读和附件；元数据、正文、附件权限分开；分页和覆盖明确,R2 独立授权,AC22
M02,撰写、发送、回复与转发,草稿预览、收件人/正文/附件确认、发送回执与未知结果恢复；不能由目录点击直接发送,R2 独立写入授权,AC22
M03,草稿、附件与删除恢复,本地草稿/服务器保存分别显示；附件上传下载、删除范围、恢复和同步失败；切账号不残留,R2,AC03、AC22
M04,邮件摘要与事项提取,独立启用、优先级建议、截止与变化；日期核对、原文引用、撤回停止新分析、派生数据可删,R4,AC25
I01,头像与校园信息卡,平台头像选择/裁剪、资料；获准后学校资料、电子信息卡和学校头像更新；不同来源分开,R1 基础资料；R2 媒体/学校资料,AC10、AC22
I02,Face ID/Touch ID,系统生物识别保护本机私有视图；设备不支持/失败/恢复；不作为在籍凭证,R2,AC23
I03,Wallet 信息卡,本人自愿导出、说明签发者/用途、更新与撤销；不承诺学校门禁、NFC 或付款,R4 独立审阅,AC23
N01,iOS 小组件,日/周课表、DDL、下一项概览、多尺寸、隐私遮罩、更新时间、退出清理与深链接,R2,AC23
N02,可控提醒节奏,提前量/次数、静默时段、相近合并、静默前摘要；分别控制学习、活动与互动，不绕过关闭设置,R1 基础；R2 深化,AC08、AC23
N03,灵动岛与锁屏实时活动,课程/截止分别启用、失效/结束、系统兼容、隐私；源变化与主记录一致,R2,AC23
P01,iPhone 应用与分发,原生登录返回、导航/键盘/文件/通知、安装运行与可复现开发；内测和上架单独验收,R1 开发验收；分发另行执行,AC01、AC09、AC12
P02,iPad、Mac 与 Apple Watch,大屏多栏、键盘与文件；Watch 概览/两周课表/DDL、卡片排序隐藏、与 iPhone 同步和离线状态,R3 两条独立工作流,AC24
P03,主题、语言、课程显示与同步,Apple 风格浅深色；R1 简中/英文，R2 完整繁体；课程别名/隐藏/排序、阅读偏好、同账号多设备离线合并,R1 基础；R2 深化；R3 多端,AC09、AC24
P04,Android 与 Windows,保留长期平台范围；当前不创建对应工程或开发任务，另行决定启动,R4 暂缓,AC24
Q01,受限检索与解释,本人课表/DDL/课程、校园/教师研究方向、资料/获准邮件、图片/相机/文件提问；逐次必要读取、覆盖与引用明确,R4,AC25
Q02,动作建议与确认,提醒、安排、草稿、打包、获准提交等先预览，再按动作确认；调用已有可靠业务接口并展示实际回执,R4,AC25
Q03,对话、记忆与用量,对话同步/管理；长期记忆可确认、编辑、拒绝、删除；思考强度、用量/费用、取消/失败可理解,R4,AC25
D01,学校与来源登记,覆盖字段、接入方式、责任人、有效期/健康/权限；页面入口数与真实同步覆盖分开统计,R1；R3 多校,AC05、AC13、AC26
D02,资料核验与变化,版本、适用期、保守去重、源冲突、人工复核、部分失败；关键字段变化不能未经核对自动发布,R1；R2 深化,AC05、AC14、AC19
D03,私人来源连接,学校 SSO 与 SIS/Canvas 独立状态；令牌保管/更新/撤销/在途取消；Outlook/设施/成绩后续逐项申请,R1 SIS/Canvas 核心；R2 其他,AC02、AC13、AC14、AC22
D04,统一搜索,地点、课程、活动、标题/标签、本人记录及获准全文；学校/账号/对象权限在服务端执行，旧索引删除一致,R1 结构化；R2 全文,AC02、AC10、AC27
D05,站内消息与送达状态,报名/变更/回复/联系请求、已读与原对象链接；本地通知与远端 APNs 能力/送达分别显示,R1 站内/本地；R2 远端深化,AC03、AC08
D06,信息依据与原文,官方、学生经验、本人输入、AI 建议分别标识；引用内容必须实际可读取，获取时间不冒充发布日,R1；R4 AI,AC05、AC19、AC25
O01,受限运营后台,来源/地点/路线/假期/活动维护、纠错/举报/申诉/封禁、角色/审计；账号与设备服务状态仅限必要诊断；管理员不能默认读私人邮件,R1 必需治理；R2 深化,AC02、AC07、AC26
O02,真实组织与供给,主持、场地、接应、退出/取消责任、后备方案、反复举办；外部报名人数不当作出席,R1 准备；R1.1/R3 扩展,AC17、AC26
O03,价值与质量分析,核心行为、错误、有效协作、出席/复参与/复办、反馈与协调成本；有分母、未知和观察期,R1 记录基础；R1.1 验证,AC26
O04,官网与支持,Apple 风格官网、完整功能故事、可交互示例、真实状态的下载/内测入口、支持/隐私/反馈、公开活动分享、必要后台；移动端适配,R1；随交付更新,AC09、AC12、AC28
O05,删除、导出与保留,账户、内容、连接、媒体/派生数据、索引/缓存、设备同步；删除处理与必要审计/备份期限可说明,R1 已交付类型；R2 扩展,AC03、AC10、AC24
X01,合作预期与试沟通,L06：时间/语言/角色/投入/节奏、允许自组或已有队伍、共享预览、可选短沟通、双方确认、首次分工/会面与退出,R1.1 优先验证,AC15
X02,从任务开始共同专注,L02/L06：选择本人任务、有限时段、安静/交流预期、开始/结束、自愿回顾；不强制视频或公开成绩/效率,R1.1,AC16
X03,固定小组与单次尝试,S03/E05：少量成员、真实主持/场地、明确系列、先来一次、每次出席独立确认、单次/全系列变更,R1.1,AC17
X04,再次同行与双向同意,S04：活动后私下表达继续联系，双方同意才建立关系；可撤回、拒绝/屏蔽，不公开单向意愿或拒绝名单,R1.1,AC18
X05,重要事务进度与变化,C06/C07/C10：条件/材料/步骤/期限/原文；准备、本人已提交、官方确认分别记录；变更解释与用户确认,R1.1 有限场景；R2 扩展,AC19
X06,课程组合与负担比较,L07：时段、已知评估集中期、先修/学分和当期工作量证据，组合对比；不足时显示未知，不预测保证成绩,R2,AC20
X07,同伴讲解与可核对经验,C07/L05：按具体事务请求短时帮助，帮助者自愿接单/拒绝，答案关联学期/来源，可纠错；不承诺即时响应,R2 有限运营,AC21、AC27
X08,住房、通勤与室友,C05/S01：校外资料来源/更新、上课日与通勤、总成本项目、作息/清洁/访客偏好、双方联系；不冒充房源保证,R2 专题；R3 多校,AC21、AC28
X09,临时借用与毕业交接,S01：物品情况、需要/交接日期和地点、可用/预约/交接/归还或售出/取消；本人确认状态；学生身份不等于交易信用,R2 专题,AC21、AC28
X10,从机会到准备行动,C06/L06：实习/比赛/研究等资格依据、准备清单/截止，面试练习与项目伙伴；外部报名和组内参与独立,R2,AC19、AC21
X11,找适合此刻的学习地点,C02/C04：安静/可讨论、设施、开放时间、无障碍依据和到达方式；实时座位/预约依赖真实来源,R1 目录基础；R2 条件深化,AC05、AC21
